Question	Answer
痛风挂什么科？	痛风是代谢性疾病，《痛风诊疗指南》在中华医学会、内分泌分会发布，近十几年痛风放到风湿免疫科了，例如制定痛风指南的专家组李长贵、伍沪生、周京国大部分是风湿免疫科。《实用内科学》也改在风湿免疫科章节。所以：挂风湿免疫科、肾内科、内分泌科都可以。
服用非布司他应该做哪些体检？	服药前：做肝肾功能血糖血脂（大约 200）、胱抑素 c（大约 50）、同型半胱氨酸（大约 60）、全腹彩超（大约 250）或 b 超（大约 200）（做过可不做）、尿常规（大约 30，尿液留取中间段）、血压（免费）、心电图（大约 20）（费用大约 600 左右，各地有差异）服药后：2-4 周后复查肝肾功能血糖血脂，之后如果指标稳定了可以 2-3 个月复查，如果有指标有明显异常就一个月后复查，比如血脂，肝功能异常等。从此终身复查不推荐超过 6 个月，笔者见过风友前几年体检没问题就松懈了，结果一年没有体检血糖项目出现糖尿病酮症酸中毒，还是吃降酸药好好的，但是他自身原因，不是非布司他副作用。一直肝肾功能正常，不代表下次正常，有些一年都是肝功没问题，还是会一年后肝功能异常，所以定期体检必须做。以上是比较全的体检，推荐高尿酸 480 以上时间比较长大约两年以上的都要做，为什么呢，同型半胱氨酸高了脑梗风险增加，做全腹彩超是脂肪肝 95%痛风患者都会有，而且 PH 低容易尿酸性肾结石。痛风患者脂代谢异常也常见，一般需要和医生商量开这些项目，下面把项目写一下。肝肾功能血糖血脂，胱抑素 c，同型半胱氨酸，尿常规，血压，全腹彩超，心电图。小部分尿酸不高、轻症想做最少项目的最低限度做肝肾功能有些风友问能不能做少点省钱，这样的话做肝功八项，（下次做肝功十六项穿插）肾功四项（要包含尿酸），葡萄糖，血脂四项，同型半胱氨酸，尿常规，血压，这些大约 200 元左右，以后的定期复查主要肝肾功能其他酌情选择做，原因是非不司他 6-10%肝功能异常。
服用苯溴马隆,别嘌醇应该做哪些体检？	三大降酸药常见的都是肝脏代谢异常，大致体检项目同上。另外，服用苯溴马隆容易尿酸性肾结石，第一次服用一两个月后体检项目加做泌尿彩超看看是否有导致尿酸性肾结石即可；别嘌醇则是加做一个血常规，另外，别嘌醇切记要做一个 HLA-B*5801 基因检测报告，若报告为阳性，你要果断放弃服用，因为亚裔人种普遍携带 HLA-B*5801 基因。该基金携带者服用别嘌醇有较高概率发生史蒂芬强森症候群或中毒性表皮坏死松懈症。
无症状高尿酸未服药应该做哪些体检？	未服药则不需要体检检测药物副作用了，主要是检查肾功能(高尿酸可导致痛风肾)，还有可做关节超声，双源 CT 看看关节是否有结晶,泌尿彩超看看是否有肾结石。下图为双源 CT(大约 400-700 元左右)，是检查无症状高尿酸关节是否存在结晶。关节超声比较便宜，大约 110元，但准确度不及双源 CT.感谢大家阅读，我是房寻仙，痛风快好的一位风友，以下资料会持续更新，所有内容，经过风友实践和大量文献资料总结而来，供参考。科普不代表治病，不代替治疗，仅供学习参考，身体不适请到三甲医院面诊，请遵三甲医院医嘱！感谢为痛风治疗指南付出的所有医务人员~以及科普人！感谢痛风快好 APP 交流群内大量的风友！本篇是《痛风大全》1，体检篇以下文章持续更新……感谢关注，也感谢传播科普！《痛风大全》2，发作与溶晶痛篇-已更新《痛风大全》3，防治篇《痛风大全》4，生活干预与饮食起居篇《痛风大全》5，碱化尿液与肾结石篇-已更新《痛风大全》6，降酸药篇-已更新《痛风大全》7，脂肪肝篇《痛风大全》8，中医中药篇《痛风大全》9，报告解读篇参考文献：《2019 中国高尿酸血症与痛风诊疗指南》《2021 痛风基层合理用药指南》《实用痛风病学》为方便查阅，《痛风大全》完整版发布于痛风快好 app、痛风快好微信小程序（痛风专栏）声明：著作权归作者所有。商业转载请联系作者获得授权，非商业转载请注明出处。感谢阅读，我是房寻仙。
什么是“溶晶痛”？	溶晶痛就是因为降酸药物使血液中尿酸浓度剧烈下降，结晶溶解或者脱落，免疫系统白细胞吞噬结晶造成的炎症反应。所以，不一定就是要 360 以下尿酸才是“溶晶痛”，比如原来 700 降到 600 痛了也属于“溶晶痛”，“溶晶痛”是民间老百姓的说法，正式词是是“转移痛风，二次痛风”
“溶晶痛”有什么特点？	溶晶痛有以下特点：一是发生在吃药以后，游走痛，在没有吃药之前很正常，吃药以后就发作了。二是发作的力度明显比正常痛风小，有时候是丝丝拉拉的痛，或者这次脚踝发作，下次转移到手关节痛风，不过因人而异，有些人会强一些，有些人会轻一些。三是痛的地方有时候会不典型，比如屁股等，好像什么关节都有可能痛，平时没有吃降酸药之前痛风发作一般会非常典型，比如手指，脚趾脚踝，膝盖等。
如何预防溶晶痛？	1. 降尿酸药物要从小剂量开始使用降尿酸药物要从小剂量开始使用，使血尿酸平稳下降，而非骤降：这样可以最大程度避免“溶晶痛”的发生。以非布司他为例，可以从10mg/日、20mg/日的剂量开始服用，？耐受后再逐步两周左右加量，直至尿酸达标。2. 提前干预，预防用药降尿酸药物使用早期，可以配合使用小剂量秋水仙碱（0.5mg-1mg/日），这样可以帮助机体安稳度过“溶晶痛”的敏感时期。最大程度的避免“溶晶痛”的发生。预防用药一般 3-6 个月，全球各国指南都推荐使用 3-6 月小剂量秋水仙碱副作用忽略不计。如果完全没有“溶晶痛”可能，可以不搭配。
“溶晶痛”怎么处理？	和痛风发作一样处理5、溶晶的身体反应a、腰部会有酸胀感，如果肾脏的尿酸盐结晶被溶解，腰部会有酸胀感，有时候偶尔刺痛、难受。b、尿液变化，如果泌尿系统的尿酸盐结晶被溶解，会出现尿频尿急，尿液中有悬浮物，针样结晶体。c、口腔变化 如果淋巴系统的尿酸盐结晶被溶解，您会出现口干，口咸，喉咙肿痛，口腔溃疡，您可以吃一些华素片或者西瓜霜喷剂。d、眼睛变化，如果眼睛分泌物增多，甚至有白色粉末状物，也是尿酸盐结晶的排泄。 由于体内三分之二的尿酸盐是通过尿液排泄的，前期的结晶溶解会有一个共同的特点，比如：尿液发黄，尿液有泡沫、尿液泡沫增加，尿液有异味。e，没痛过的地方也会痛，或者丝丝拉拉的痛f，大部分早干预，溶晶没感觉。
“溶晶痛”会持续多久？	这个因人而异，一般是痛风未治疗多年和有多处痛风石时间比较长，有些需要半年，总之坚持降尿酸，发作次数会越来越少。
我尿酸长期 360 以下了，没有“溶晶痛”，有在溶晶吗？	有的，不一定溶晶期一定会“溶晶痛”，痛风发作需要两个条件，①结晶析出或掉落，②免疫系统白细胞吞噬结晶，只有前者就不一定发作。
溶晶期需要多久？什么时候可以把结晶溶解完？	要将体内的尿酸结晶融解完，是有一个大概时间计算公式的。痛风要降到 360 以下，有痛风石 300 以下。还要预留 30 左右给身体波动，330/270 以下。控痛龄的三分之一时间来计算，不够半年的，最少花半年。例如痛风三年的，最少花一年。痛一年的或几个月或第一次刚痛的，最少花半年，溶解完还要用剧烈运动来测试关节，吃一些高嘌呤也没有任何不适，并建议多巩固几个月。出自白衣阿木《痛风诊疗一本通》。所以尿酸治疗一定要“不急、不躁，持之以恒。这属于老百姓的经验，没有正式资料。这个时间只是大概，不严谨因为有些风友之前啥时候高尿酸析出结晶了不知道，即便是溶解完也要终身保持 360 以下最好，只是溶解完之后能卡刚好 360-380 以下，不超过 380，尿酸超过 381 就有可能痛风，也可以理解为终身不超过 420 预留出来给身体波动不超过 380。全球各国指南痛风患者保持长期 360 以下，文献出处《实用痛风病学第 39 页》辅助检查有关节超声、双源 CT，但不可能花大几千块扫全身双源CT 来确定，而且小的结晶也看不到。——下面粘贴一风友“痛风吧友-神经科谢主任”自述溶晶自身感受，非常有代表性，仅供参考因为每个人处于阶段不一样。溶晶期其实就是 5 个大循环！很多风友不知道自己在吃了降酸药之后到底多久能度过溶晶期，我个人把溶晶期理解为 5 个大循环。（1） 第一大循环：初期服用降酸药得风友做好心理准备，正式进入溶晶痛阶段，由于初期服用降酸药会导致你体内得尿酸急速下降，引发一个急性痛风发作得症状，所以降酸药要小剂量递增，减量避免痛风发作，并且疼痛感会比之前没有吃降酸药时更强，往往这个时候新人风友就会产生误解，认为吃降酸药反而更痛了，吃降酸药没用这种错误得误解，其实不然。由于尿酸波动太大就会引起之前沉积在你关节里得尿酸盐结晶波动掉落，引起一个急性痛风发作得症状，这是正常现象，记得每天一颗降酸药得同时搭配秋水仙碱一颗预防作用，可以连续 3-6 个月（各国指南都推荐）第一大循环根据个人体质持续时间 1-2 个月。（2） 第二大循环：在我们吃了 1 个月降酸药之后我们成功进入第二大循环，这个时候我们会发现只要之前痛风发作过得部位都会轮流痛一遍，大拇指痛过了，脚背开始痛，脚背缓解了脚裸痛，甚至从来没有发作过的部位也开始痛了！疼痛感和之前没吃降酸时疼感一样，也是非常的痛苦，这其实是你的身体已经习惯了降酸药的药效，可以理解为降酸药在对你的身体进行一个全方位的扫描，当你的身体多个部位都在痛的时候其实说明降酸药在你全身都起作用了，只要有结晶堆积的地方都会痛，正常现象，治疗方法和第一大循环一样，降酸药搭配止痛消炎药一起吃，减少痛感，第二大循环根据个人体质不同持续时间 1-2 个月。（3）  第三大循环：这个时候我们进入一个溶晶期中期阶段，第三大循环是持续时间最长的一个循环，需要大家提前做好心理准备，在经历过第二大循环之后我们就知道了我们体内哪些地方有结晶，因为都挨个痛了一遍，当所有能痛的部位都痛过一遍之后，我们要进入一个短期间歇期，这个间歇期持续时间一般一个星期到半个月不等，间歇期不会有急性痛风的症状发作，但是之前痛过的部位会产生隐痛，可以理解为坐着睡着不动的状态下一点不痛，一走路就隐痛刺痛，但是痛感可以忍受，行动受限，走路都是一瘸一拐的，间歇期过后第二轮全身急性发作来了，再次开始新一轮全身大扫描，但是疼痛感会明显减轻，持续时间会缩短一半，比如之前一轮全身急性发作半个月左右才缓解，这次可能一个星期左右就能再次进入间歇期，这样的小循环会持续 4-5 次，所以第三大循环根据个人体质不同持续时间 2-4 个月 。（4） 第四大循环：恭喜你快要见到阳光了！这个阶段可以说非常轻松了，在持续服用降酸药的情况下，急性痛风发作的症状开始大幅度改善，即使发作疼感也能忍受了，甚至可以不吃止痛药也能忍受了，持续周期非常短，往往上午发作第二天就消失了，关节开始变得灵活，但是还是存在隐痛现象，只是这种隐痛就非常轻了，可能走两步或者坐下休息一会这种隐痛感就消失了，进入第四大循环得风友几乎行动和正常人没有区别了，出门工作都不在受影响，但是还是避免不要过量运动，因为这个时候你个关节才初期恢复，依然是很脆弱得，千万不能在这个时候让之前发作过得关节受外伤，会很容易引起急性痛风的发作！第四大循环理解为关节恢复期！持续时间根据个人体质 1-2 个月 。（5） 第五大循环：溶晶期快结束！尿酸盐结晶已溶解 80％，只要尿酸稳定就不会增加新的结晶体，即使体内还存在少部分结晶粘附于关节内也不具备引起急性痛风发作的必要条件，到这里可以说溶晶期就结束了，我们现在需要做的就是日常对于身体的维护和保养，在关节已经恢复得状态下积极户外锻炼减轻体重，每天还是坚持保持长期健康生活方式，通过这次人生得大起大落要认识到健康得重要性，养成一个良好得作息时间，不暴饮暴食，定期体检常年保持在 360 以下，那么以后急性痛风就不会在发作了。感谢大家阅读，我是房寻仙，痛风快好的一位风友，以下资料会持续更新，所有内容，经过风友实践和大量文献资料总结而来，供参考。科普不代表治病，不代替治疗，仅供学习参考，如有身体不适请到三甲医院面诊！遵医嘱。感谢痛风快好 APP 提供那么好的科普平台！感谢为痛风治疗指南付出的所有医务人员~以及科普人！感谢痛风快好 APP 交流群内大量的风友！本篇是《痛风大全》2，发作与溶晶痛篇以下文章持续更新......感谢关注，也感谢传播科普！《痛风大全》1，体检篇-已更新《痛风大全》2，发作与溶晶痛篇《痛风大全》3，防治篇《痛风大全》4，生活干预与饮食起居篇《痛风大全》5，碱化尿液与肾结石篇-已更新《痛风大全》6，降酸药篇-已更新《痛风大全》7，脂肪肝篇《痛风大全》8，中医中药篇《痛风大全》9，报告解读篇参考文献：《2019 中国高尿酸血症与痛风诊疗指南》《2021 痛风基层合理用药指南》《实用痛风病学》为方便查阅，《痛风大全》完整版发布于痛风快好 app、痛风快好微信小程序（痛风专栏）声明：著作权归作者所有。商业转载请联系作者获得授权，非商业转载请注明出处。感谢阅读，我是房寻仙。
痛风做什么检查？	查阅《痛风大全之体检篇》
痛风怎么确诊？	痛风诊断广泛认可的是美国风湿病学会 1977 年痛风分类标准及2015 年美国风湿病学会和欧洲抗风湿病联盟共同制定的痛风分类标准（表 1）。2018 年欧洲抗风湿病联盟推荐三步诊断痛风：第一步，寻找关节滑液或痛风石抽吸物中的 MSU 晶体。如果第一步不可行，第二步通过临床诊断[建立在存在高尿酸血症和痛风相关临床特征的基础上，满足下列特征时考虑临床诊断（高度怀疑但非特异性表现）：足部（特别是第一跖趾关节）或踝关节单关节受累，之前类似的急性关节炎发作史，快速开始的剧烈疼痛和肿胀（24 h 内达峰），皮肤发红，男性并存在相关的心血管疾病和高尿酸血症]。第三步，当痛风的临床诊断不确定且不能证实晶体时，建议寻找 MSU 晶体沉积的影像学证据，特别是超声或双能 CT，另外秋水仙碱是治疗痛风的特效药，吃了有缓解可以帮助诊断。秋水仙碱对焦磷酸钙关节炎也有效果，但老年人多见。
痛风发作时候尿酸比较低？	国内外多个研究结果发现，痛风发作期 36%-67%患者血尿酸水平处于正常范围或低平常低，痛风在急性发作时，炎症因子会促进下丘脑-垂体-肾上腺轴分泌，促肾上腺皮质激素释放，这种激素会增加尿酸的排泄，所以发作期过两周左右复查尿酸相对准确。
痛风怎么鉴别，避免误诊?	痛风不难鉴别，常需要鉴别的疾病如下：蜂窝织炎蜂窝织炎是指皮肤和皮下疏松结缔组织的弥漫性感染。急性蜂窝织炎病变局部红、肿、热、痛，并向周围迅速扩大。最常见于肢体远端，当关节附近受累时需与痛风性关节炎相鉴别。局部皮下软组织肿胀明显，但关节肿胀疼痛不明显，关节常无压痛。化验可见白细胞计数升高而血尿酸正常，受累部位抽取脓液进行细菌培养，阳性结果有助于诊断。抗生素治疗有效，单纯常规消炎止痛效果不佳。丹毒丹毒是乙型溶血性链球菌感染皮肤和皮下组织内淋巴管而引起的急性炎症，可发生在小腿、踝关节、跖趾关节等部位，故需与痛风性关节炎相鉴别。丹毒常表现为局部软组织肿胀，沿淋巴管走行，而关节疼痛常不明显。化验可见白细胞计数升高而血尿酸正常，伤口及破损处的拭子革兰氏染色和细菌培养有助于明确诊断，一般需要抗生素治疗。化脓性关节炎化脓性关节炎为关节内化脓性感染，单关节受累多见，以髋、膝关节多发，常需与痛风性关节炎相鉴别。化脓性关节炎常起病较急，常有寒战、高热等全身感染中毒症状。累及关节常局部红肿热痛明显，关节活动受限明显。关节液常为脓性，显微镜下无尿酸盐结晶，可见大量脓细胞，涂片做革兰染色常见革兰阳性球菌。关节液培养可见致病菌，以金黄色葡萄球菌常见。需注意的是，痛风性关节炎可与化脓性关节炎同时存在，故对于怀疑痛风性关节炎合并化脓性关节炎的患者，除检测关节腔积液尿酸盐晶体外，还需完善关节液革兰染色及细菌培养等病原学检查。风湿热风湿热是一种由咽喉部感染 A 组乙型溶血性链球菌后反复发作的急性或慢性全身结缔组织炎症。风湿热累及关节时需与痛风性关节炎相鉴别。风湿热起病急骤，常表现为游走性、多发性关节炎，以膝、踝、腕、肘、肩等大关节受累为主，局部关节可有红、肿、热、痛，但不遗留关节畸形。关节肿痛常反复发作，可在气候变冷或阴雨天时出现或加重。风湿热常伴有发热、皮疹、皮下结节、心肌炎等表现，咽拭子培养链球菌阳性，抗链球菌溶血素“O”（ASO）阳性，抗链球菌治疗有效等可辅助鉴别。结核性风湿症结核性风湿症，又称 Poncet 综合征，是由结核杆菌毒素引起的细胞介导的过敏性免疫反应。临床上多表现为发热、游走性多关节炎、结节性红斑等，常有原发结核病灶，关节症状常反复发作，但不出现关节变形和肌肉萎缩，可出现血沉（ESR）增快、类风湿因子阴性、结核菌素试验阳性，抗结核治疗有效。创伤性关节炎创伤性关节炎是由创伤引起的关节软骨病变，以关节疼痛、功能活动障碍为主要表现。当痛风性关节炎急性发作有劳累或扭伤等诱因时，常与创伤性关节炎相混淆。创伤性关节炎常有明确外伤史，常伴关节功能障碍，关节疼痛，活动时加剧，休息后好转。化验血尿酸不高，关节液无尿酸盐结晶。反应性关节炎反应性关节炎是一种发生于某些特定部位（如肠道和泌尿生殖道）感染之后出现的关节炎，常表现为非对称性下肢大关节炎，故需与痛风性关节炎相鉴别。反应性关节炎常出现在尿道或肠道感染后 1~6 周，急性发病，多为单关节炎或少关节炎，主要累及膝、踝等下肢大关节。受累关节可表现为肿胀疼痛、局部皮温高，常伴有肌腱端炎、眼炎，急性期常有 ESR、超敏 C 反应蛋白（CRP）升高，人类白细胞抗原 B27（HLA-B27）可呈阳性，类风湿因子和抗核抗体阴性，放射学检查有助于协助诊断。强直性脊柱炎强直性脊柱炎是一种慢性免疫炎性疾病，主要侵犯骶髂关节、脊柱骨突、脊柱旁软组织及外周关节。本病多见于青壮年男性，外周关节受累以非对称性的下肢大关节炎为主，需与痛风性关节炎相鉴别。强直性脊柱炎与肥胖无相关，发病隐匿，临床表现为腰背部或骶髂部疼痛和晨僵，常有半夜痛醒，翻身困难，活动后减轻。可有阳性家族史，人类白细胞抗原 HLA-B27 阳性，血清类风湿因子阴性，血尿酸正常，影像学 X 线或 MRI 可见骶髂关节病变，可辅助鉴别。类风湿关节炎类风湿关节炎是一种以侵蚀性关节炎为主要临床表现的自身免疫病，临床症状为对称性、持续性关节肿胀疼痛，伴晨僵时间大于 1h，以手部和足趾小关节受累最多见。实验室检查可有 ESR、CRP 及类风湿因子增高，常有抗环瓜氨酸肽抗体、抗角蛋白抗体阳性，双手双足 X 线早期表现为关节周围软组织肿胀。常见于中老年女性，男性患者症状可不典型。反复发作或者慢性痛风性关节炎急性发作的患者需与类风湿关节炎鉴别。假性痛风假性痛风是焦磷酸钙结晶沉积于关节软骨所致的疾病，急性期以急性自限性滑膜炎为特征，秋水仙碱治疗有效。多见于老年人，常急性起病。常见于大关节，偶尔累及指、趾小关节，常为单个关节急性发作，手术和外伤可诱发，但很少像痛风性关节炎那样侵犯第一跖趾。查血尿酸不高，主要鉴别方法依靠关节滑液检测，可发现焦磷酸钙结晶而非尿酸盐结晶。骨关节炎骨关节炎是以关节软骨的变性、破坏及骨质增生为特征的慢性关节病，本病老年患者多发，主要累及负重关节，如膝、髋关节。本病急性加重时可出现关节疼痛、肿胀，但一般不明显。活动受限，伴有晨僵，但时间一般不超过半小时。查 ESR 多正常或偏高，类风湿因子阴性，化验血尿酸可正常，影像学检查有助于诊断且与痛风相鉴别。但临床上痛风性关节炎和骨关节炎可合并发生。多数痛风患者易鉴别，但部分患者临床表现不典型者，应严格认真鉴别，排除相似疾病，避免误诊误治。来源《医学界风湿与肾病频道陈新鹏》
哪些些因素会引发痛风急性发作？	1、尿酸突然升高：暴饮暴食，尤其是食入动物内脏、带壳类海鲜、火锅等高嘌呤食物，同时大量饮酒；2、尿酸突然降低：最常见就是初次大量使用降尿酸药；3、关节着凉：关节着凉，尿酸在低温下更容易形成结晶；4、关节外伤：尿酸容易在受伤的关节沉积；5、剧烈运动后肌溶解。其中，饮酒后着凉是生活中最常见诱因。7，为什么有外伤容易发作关节局部损伤，可能导致关节液中白细胞数升高，血尿酸可通过刺激白细胞产生炎症因子而诱发痛风发作。比如跖趾关节、踝关节承受压力大，容易损伤，此外足部血液循环较差，皮温较低，关节液 pH 低，尿酸容易在足部关节形成结晶，导致痛风发作。
痛风发作怎么处理?	查阅《痛风大全》2，发作与溶晶痛篇
痛风有什么危害?	"尿酸结晶因为血脑清障无法进入大脑之外，在身体几乎任何地方结晶沉积，除了可引发痛风关节炎（也就是痛风发作），痛风石，还可在肾脏沉积引发急性肾病、慢性间质性肾炎或肾结石，称之为尿酸性肾病。许多证据表明，尿酸症和痛风是慢性肾病，高血压，脑血管疾病及糖尿病等疾病的独立危险因素，是过早死亡的独立预测因子，尿酸血症和痛风是多系统受累的全身性疾病。未经治疗的痛风患者，17%-25%死于尿毒症。证据显示，血尿酸每增加 60μmol/L，高血压发病相对危险增加 1.4 倍。血尿酸水平每升高 60μmol/L，新发糖尿病的风险增加 17%。降尿酸治疗可降低高尿酸血症人群糖尿病的发病率，并能降低肾脏、心血管等并发症的发生率。10，痛风有几个阶段高尿酸从来没痛过属于高尿酸血症，发作过属于痛风患者间歇期。1，高尿酸血症期，也称""痛风前期""，仅仅表现为血尿酸的升高，而无痛风性关节炎的临床状。2，痛风早期由高尿酸血症发展而来，典型的症状是急性痛风性关节炎的发作，如关节红、肿、热、痛和活动障碍，待发作消失后，关节可完全恢复正常，且无功能障碍。但是，这会反复发作。在这个阶段一般不会有痛风石的形成，亦无明显的肾脏病变。肾功能也是正常的。3，痛风中期由于反复发作，造成关节出现不同程度的骨质破坏及功能障碍，形成慢性痛风性关节炎。痛风石、肾结石和肾脏病变都有可能出现，而且肾功能可有轻度减退。4，痛风晚期明显的关节畸形和功能障碍。皮下痛风石增多、体积增大，甚至出现破溃。肾脏损害进一步加重，肾功能明显减退，可出现氮质血症和尿毒症。需要说明的是，这是典型的痛风，如不进行治疗或治疗不当有此 4 个发展阶段痛风治疗过程，早控制尿酸达标定期其体检不会进一步发展。也可以粗略分为六个阶梯从高尿酸发展到痛风共分 6 个阶段：第一阶梯：尿酸 420-480（不痛）第二阶梯：尿酸 480-540（不痛）第三个阶梯：尿酸 540 以上第四个阶梯：痛风初期，以小关节痛为特症第五阶梯：痛风中期，以痛到大关节开始计算，例如踝关节、膝关节、手腕、手肘、肩膀等，也可伴随个别痛风有，肾功能不全 1-2 期第六阶段：痛风晚期，大量失控的痛风石、痛风石溃烂，肾功能不全3-5 期，尿毒症。如何预防高尿酸血症饮食有节，起居有常，控制体重，做好体检。二，治疗痛风建议（文章不能代替医生诊断和治疗，身体不适请到三甲医院面诊，请遵医嘱）急性期（发作期）镇痛，间歇期控制尿酸并定期体检（一）非药物治疗痛风非药物治疗的总体原则是生活方式的管理，首先是饮食控制、减少饮酒、运动、肥胖者减轻体重等；其次是控制痛风相关伴发病及危险因素，如高脂血症、高血压、高血糖、肥胖和吸烟。饮食方面需限制高嘌呤的动物性食品，如动物内脏、贝壳和沙丁鱼等。除了酒类，含有高果糖浆的饮料也会导致血尿酸水平升高，应减少摄入量。需强调的是，饮食控制不能代替降尿酸药物治疗。1. 药物治疗根据《2019 中国高尿酸血症与痛风诊疗指南》降尿酸治疗指征;1，痛风发作并尿酸 480 以上2，尿酸 420-480 且合并以下情况，痛风发作次数≥2 次/年、痛风石、慢性肾脏疾病、高血压、糖尿病、血脂异常、脑卒中、缺血性心脏病、心力衰竭和发病年龄<40 岁3，无症状高尿酸 540 以上4，无症状高尿酸 480 以上合并症之一:高血压、脂代谢异常、糖尿病、肥胖、脑卒中、冠心病、心功能不全、肾功能损害(≥CKD2 期)5，存在高尿酸血症，关节的“超声、双能 CT、x 线”，发现尿酸钠结晶沉积和痛风性骨侵蚀，可作为亚临床痛风的诊断依据达到以上标准，生活干预 3 个月左右降不下来，就要长期降尿酸治疗。降尿酸治疗的时机：因血尿酸波动可导致痛风急性发作，大多数痛风指南均不建议在痛风急性发作期开始时使用降尿酸药物，须在抗炎、镇痛治疗 2 周后再酌情使用。也有一些国内外痛风指南提出，在足量抗炎、镇痛药应用下，允许在痛风急性期进行降尿酸治疗，如果在稳定的降尿酸治疗过程中出现痛风急性发作，则无须停用降尿酸药物，可同时进行抗炎、镇痛治疗。如果并发了痛风性滑膜炎一直难等到缓解可以小剂量一边镇痛，一边降尿酸治疗，总之缓解后比较稳。降尿酸治疗的目标和疗程：痛风患者降尿酸治疗目标为血尿酸<360，并长期维持；有痛风石降尿酸治疗目标为血尿酸<300 直至痛风石完全溶解且关节炎频繁发作症状改善，可将治疗目标改为血尿酸<360 并长期维持。因人体中正常范围的尿酸有其重要的生理功能，血尿酸过低可能增加阿尔茨海默病、帕金森病等神经退行性疾病的风险。因此建议，降尿酸治疗时血尿酸不低于 180。降尿酸药物请查阅《降酸药篇》无症状高尿酸血症的治疗无症状高尿酸血症患者的药物治疗各国观点不一，美国 ACR2020 第一句是反对，而亚洲国家如日本、中国多持积极态度。多项观察性研究结果显示，高尿酸血症与多种疾病的发生、发展相关。2019 年，Kojima 等的多中心前瞻性随机对照研究(FREED)显示，对无症状高尿酸血症患者进行非布司他干预能够显著降低心脑血管不良事件的发生率，并延缓肾功能不全的进展。无症状高尿酸血症降尿酸过程中也可能会痛风发作。预后本病预后相对良好，如果及早诊断并进行规范治疗，大多数患者可正常工作生活。慢性期病变有一定的可逆性，长期规范达标治疗可使痛风石缩小或消失，关节症状和功能改善，相关肾病也可减轻。伴发高血压、糖尿病、其他肾病及心血管疾病者预后欠佳。"
身体结晶什么时候能溶解完？	要将体内的尿酸结晶溶解完，有一个大概时间计算公式。痛风要降到360 以下，有痛风石 300 以下。推荐预留 10-30 左右给身体波动保证 360 以下，即是 330-350 以下，按痛龄的三分之一时间来计算，不够半年的，最少花半年。例如痛风九年的，最少花三年，痛一年的或几个月或第一次刚痛的，最少花半年，并多巩固几个月。溶解完还要用剧烈运动来测试关节，吃一些高嘌呤也没有任何不适，这属于老百姓总结经验，没有正式资料。所以尿酸治疗一定要“不急、不躁，持之以恒。这个时间只是大概，不严谨因为有些风友之前高尿酸析出结晶了不知道，即便是溶解完也要终身保持 360 以下最好。只是溶解完之后能卡刚好 360-380 以下，不超过 380，尿酸超过 381 就有可能痛风，也可以理解为终身不超过 420 预留出来给身体波动不超过 380，中外指南痛风患者保持长期 360 以下，节选《实用痛风病学 39 页》。辅助检查有关节超声、双源 CT，但不可能花大几千块扫全身双源 CT来确定，小的结晶也看不到。
停药过早会怎么样？	这个比较常见，有些风友降尿酸意志不坚，吃几个月不痛了就擅自停药了，停了尿酸超过 420 又会重新析出结晶，复发和并发症，所以降尿酸需要长期坚持。
尿酸不达标会怎么样？	没意义，假如频繁发作尿酸不达标，不能使结晶溶解，超过 420 还会产生结晶和复发，这个风友之间很常见，主要想法是怕加量以后减不了量，然而事实相反，需要尿酸达标不断排出晶体才能减量。
什么时候能停药？	当身体结晶溶解完，小剂量降酸药能维持，例如 10mg 非布司他每天单次能控制尿酸 240 可以停药观察，要是超过 420 还要继续吃，大部分需要终身服药。
痛风合并痛风石原因和怎么治疗？	在未经治疗的病人，首发症状后 20 年 70%患者出现痛风石-《实用内科学》节选。30%未规律治疗的痛风患者在 5 年内可形成痛风石-《实用痛风病学》节选。笔者观察少数无症状高尿酸血症也会有痛风石，消肿止痛不及时第一次发作就长出痛风石也很常见。每一次痛风的发作，都伴随着尿酸钠结晶在滑膜上的析出。结晶析出后，各种免疫细胞发现异己，积极响应。以中性粒细胞为首的吞噬细胞在吞噬了这些异物后，却没法将其降解。于是尿酸盐结晶和一层一层的吞噬细胞尸体以及增生的纤维蛋白就留存在关节附近的皮层下，这就叫做肉芽肿性炎症。每次痛风发作都会重复上述过程，时间长了，这些反复受到攻击的关节处就形成了肉眼可见的痛风石。如果痛风石不是很大，也不影响正常的关节活动，一般不建议手术取石，主要是因为取石手术的创伤面愈合难度较大易发感染。如果不得不做取石手术，也建议先把尿酸控制在 300 以下，维持 3 个月以上再进行手术，且手术后依然需要保持 300 以下的尿酸水平，防止生成新的痛风石。对于已经长出来明显能看到的痛风石，基本上都是保护好周围的皮肤不破损即可，剩下来的就是常规的降尿酸治疗，尿酸水平控制 300 毫摩尔以下，痛风石一般会在 3-36 个月逐渐消减。痛风石在降尿酸后变大也很常见，要有心理准备，大部分降尿酸 270 以下可以溶解。分纤维增生严重或陈旧痛风石难以溶解。假如尿酸保持 270 以下一年丝毫没有变小建议做一下双源 CT 鉴别是不是滑膜增生，痛风导致的滑膜增生一般不需要治疗。下图是降尿酸 270 以下一年溶解痛风石案例；手术前三个月没将尿酸降到 300 以下，往往造成患者的伤口不容易愈合。提前三个月将尿酸降到 300 以下再做手术，目的是溶通毛细血管，让细胞获得营养能生长愈合，另外伤口应用胱胺嘧啶银进行伤口换药（类似烧伤伤口换药），有利于伤口愈合。下图是伤口无法愈合案例三，常见误区和问答1，吃降酸药药就万事大吉了，不用体检错误吃药需要定期体检，有异常及时干预或停药，不然肝纤维化了都不知道，吃药后体检项目和一般会导致哪些化验指标异常、处理方式在《体检篇》和《报告解读篇》。2，痛风痛的时候就止痛，平时不痛不管他错误止痛不降酸，病情在发展。痛风的发作主要与尿酸水平有关，想要痛风不复发，必须使尿酸长久地降下来。痛了就吃药，不痛就不吃，反而更容易导致痛风发作。且如果长此以往，只会让痛风发作得越来越频繁，疼痛次数越来越多，甚至会导致关节畸形、骨侵蚀、肾功能损害、危及生命。3，吃降酸药尿酸降下来就可以停了，不用长期吃药错误痛风不能根治，只能控制。三大降酸药药效只有 24 小时，停了之后会恢复原来尿酸。4，秋水仙碱副作用大，已淘汰错误秋水仙碱应用痛风发作已经有两千年历史，地位无法撼动，目前还是中外指南用于痛风发作和预防溶晶痛一线用药。这是因为传统吃法一小时 2 粒吃到腹泻这种吃法副作用太大，笔者和大部分风友都被坑过，按照指南新的吃法首剂两粒 0.5 毫克，一小时后追加 0.5 毫克，如有必要 12 小时后追加 0.5 毫克，一天不超过 4 粒，副作用大大降低也不易腹泻，有部分比较敏感吃一粒也腹泻的就不用秋水仙碱了用非甾体抗炎镇痛药。
痛风不能根治，一辈子都要担惊受怕？	错误痛风是可以达到临床治愈的。目前痛风临床治愈的标准主要有以下四个方面：①尽快终止急性关节炎发作；②防止关节炎复发；③纠正高尿酸血症，防止因尿酸盐沉积于肾脏、关节等所引起的并发症，防止肾脏的尿酸结晶石形成；④预防和治疗糖尿病、肥胖、高血压、血脂异常等伴发性疾病。随着溶解结晶，只要小剂量尿酸药物水平长久稳定，痛风性关节炎不再复发，没有其他并发症和伴发性疾病的产生，痛风患者就算临床治愈。理解风友都有打败疾病的美好愿望，但疾病的发生是一种客观事实，它的发展大多数情况下，都不以个人意志为转移。打败它可能很难，但是调整心态和它共存则很容易。强求自己完全康复，必须不吃药是不明智的，首先应该以控制疾病为首要目标。我们与疾病，当然也包括人生中的其他，对抗需要勇气，共存则需要智慧，宽容和领悟。6，长期吃药伤肝肾啊，不想吃药。降尿酸药伤肝、伤肾，也是一个流行很广的谣言。假设：“A 正常能活 100 岁”“A 生病已经在伤害各项指标，能活 70 岁”“A 某病+服药有一定的伤害的情况下，能活 80 岁”
那你认为不吃药伤害大还是服药伤害大呢？	许多患者宁可忍受一次次的痛风发作而不敢服用降尿酸药，就是担心降尿酸药伤肝、伤肾。首先，药物通过肝脏代谢、肾脏排泄，与药物伤肝、伤肾是两个概念。这好比走这条路与毁这条路是两回事一样。
你每天吃的肉食都要经过肝脏代谢、肾脏排泄，那肉食伤肝、伤肾吗？	以最常见而且被误会最深的二甲双胍为例，二甲双胍全部经过肾脏排泄，但是，二甲双胍不伤肾。只不过，肾功能减退后影响二甲双胍的排泄，导致二甲双胍在体内蓄积，如果遇到严重感染等情况，则可能诱发乳酸酸中毒。这下明白了吧。不是二甲双胍伤肾，而是肾损害后影响二甲双胍的排泄。常用的降尿酸药别嘌醇、非布司他和苯溴马隆就是如此。具体可参考《痛风大全》6，降酸药篇1、别嘌醇别嘌醇的代谢产物经过肾脏排泄，肾功能减退患者，别嘌醇排泄障碍，容易在体内蓄积，增加严重过敏反应的风险。2、非布司他非布司他经过肝脏代谢，代谢产物一半经过肾脏排泄，一半经过肠道排出体外。但服用非布司他后，有转氨酶升高的现象。据报道，非布司他每天 80mg，肝功能异常的发生率为 4.6%，与别嘌醇导致肝酶升高的比例相当。一般来说，如果转氨酶升高没有超过基线值的 3 倍（不超过 120 U）不用停药，酌情搭配护肝片即可，如果超过 3 倍，则减量或停药或换药。3、苯溴马隆苯溴马隆通过肝脏代谢，代谢产物 94%经过肠道排出体外，6%经过肾脏排出体外。三个降尿酸药都不伤肾，常规剂量使用对肝脏也是安全的。但是，肝肾功能下降后，会影响三者的代谢或者排泄，使用剂量应严格掌握。降酸药上市之前做过十多年临床试验，安全性，有效性都是第一位的。没错所有都有副作用和不良反应，但这是可以通过定期体检，可控的。降酸药通过肝代谢，肝脏有强大的自我修复能力，出现肝损伤停药很快恢复，但高尿酸对靶器官损伤却不可逆。相比高尿酸危害，吃药收益是远超高尿酸危害。
既然痛风是肝肾出了问题，那用中药调理肝肾不就好了吗？	要是那么容易痛风就不是世界难题了，中医的肝肾和现代医学的肝肾脏器不是一回事，尚无“调理肝肾”尿酸达标 360 以下案例。
有什么尿酸/血压/血糖测试仪器推荐吗?	尿酸家用测试仪推荐百捷品牌，绿色款和三合一功能都可以，这品牌比较准很多医院都在用。误差 20-30 微摩尔每升左右忽略不计，假如医院检验方法和百捷一样就数值一样，其他品牌均不推荐，误差太大见证太多了。血压仪推荐欧姆龙，血糖仪推荐罗氏。下图就是百捷测试仪，微信搜索《痛风快好》商城里就有。他们也是百捷 2021，2022 年，年度最佳服务商，机器和试纸都靠谱！
为什么每天同样计量降酸药，尿酸升高了，是不是耐药了?	不是耐药，降酸药没有耐药性。这是非常常见的，80%都会遇到，笔者几乎每天都在答疑这样的疑问。尿酸受溶晶，饮食，代谢影响，尿酸高了随着尿酸值加减量就可以了，尿酸是波动的，过段时间会回落。人体的血液，滑液，淋巴液，这三种液体中都是可以有尿酸存在的。许多血液中的血尿酸会转移到关节滑液、淋巴液等地方，也就是说，检测时的血尿酸可能转移到其他体液里面了，导致血液中的尿酸波动原因之一。
小便有泡沫怎么办?	高尿酸或者溶晶会有泡沫，很常见的，做尿常规排除一下尿糖，尿蛋白。9，痛风是吃出来的，吃药副作用大，忌口就行了，不必用药物治疗内源嘌呤 80%外源嘌呤 20%，这也是清汤寡水尿酸还是高了，单纯控制饮食难以控制尿酸达标，也不能完全预防痛风发作，该吃药吃药。10，吃药有副作用，减肥就好了，不必吃药因为肥胖而尿酸高的能降尿酸,但笔者见识风友快两万了，减肥能降高尿酸的只有三百分之一左右，但减肥对健康有好处。11，喝菊苣降酸茶能降尿酸通过茶叶来增加主动饮水量，倒是一个好办法，由于茶叶种类繁多，难以统一的去研究其对尿酸的影响。但是现有的研究认为，茶叶对尿酸即没有多少升高作用，也没有明显的降低作用。12，「纯天然草药中药」的偏方止痛效果很好，可以长期用效果好，大多是掺了激素，危害更大！医生给你用激素，一般就用三五天，副作用都在可控范围内。但是自己道听途说搞的「偏方」，很多是黑心商贩抓住了病人「只管止住疼痛就是好药的心理」，施展骗术。不明“中草药”中药粉，吃了止痛效果好，99.99%是掺激素药，吃多了和长出痛风石风险增加，满月脸、水牛背、骨质疏松、股骨头坏死等。详情可查阅知乎博主，凯喜博士。
痛风会遗传给自己的孩子？	研究表明，痛风属于多基因遗传性疾病，不是绝对意义上的遗传病，只是具有一定的遗传倾向，有家族史的患者只有 10%-40%，其发病是遗传因素与环境因素共同作用的结果。即并非上代有病，下代或隔代必然发病。痛风可分为原发性和继发性，而高嘌呤饮食、肥胖、大量饮酒是现代社会中诱发痛风的主要因素。目前，已知和痛风发病相关的易感基因包括参与尿酸生成的基因，如次黄嘌呤-鸟嘌呤磷酸核糖基转移酶（HPRT），以及影响尿酸肾脏排泄的基因，如尿酸盐阴离子转动体 1 相关基因。这些基因的缺陷在一定程度上会增加高尿酸血症和痛风发病的风险，但同时又受后天环境因素的影响。因此，即使有痛风家族史或携带有痛风的易感基因，在现实生活中也不一定就会得痛风。
痛风影响寿命吗？	痛风其他三高一样不可怕，可怕的是并发症，如果认真进行治疗，并加强自身的保健，让血尿酸一直在正常的范围之内，并避免痛风性关节炎的急性发作，不出现痛风石和肾脏损害，则完全可以带病延年，享受和正常人一样的寿限和生活。如果痛风符合降尿酸指征不控制和定期体检可导致多个靶器官的损伤，可能影响预期寿命。下图是吃十多年降酸药控制，痛风快好交流群风友之一，随访都没问题。感谢大家阅读，我是房寻仙，痛风快好的一位风友，以下资料会持续更新，所有内容，经过风友实践和大量文献资料总结而来，供参考。科普不代表治病，不代替治疗，仅供学习参考，如有身体不适请到三甲医院面诊！遵医嘱。感谢痛风快好 APP 提供那么好的科普平台！感谢为痛风治疗指南付出的所有医务人员~以及科普人！感谢痛风快好 APP 交流群内大量的风友！本篇是《痛风大全》3，防治与治疗建议以下文章持续更新......感谢关注，也感谢传播科普！《痛风大全》1，体检篇-已更新《痛风大全》2，发作与溶晶痛篇-已更新《痛风大全》3，防治建议篇-已更新《痛风大全》4，生活干预与饮食篇《痛风大全》5，碱化尿液与肾结石篇-已更新《痛风大全》6，降酸药篇-已更新《痛风大全》7，脂肪肝篇《痛风大全》8，中医中药篇《痛风大全》9，报告解读篇参考文献：《2019 中国高尿酸血症与痛风诊疗指南》《实用痛风病学》《痛风诊疗一本通—白衣阿木》《医学界-肾病与风湿免疫频道陈新鹏》为方便查阅，《痛风大全》完整版发布于痛风快好 app、痛风快好微信小程序（痛风专栏）声明：著作权归作者所有。商业转载请联系作者获得授权，非商业转载请注明出处。感谢阅读，我是房寻仙。
得了痛风终身与海产品无缘？	大多数海产品嘌呤含量比较高，但不同海产品嘌呤含量差别很大，比如海蜇和海参，每 100g 嘌呤含量仅为 93mg 和 4.2mg，甚至比有些青菜还要低。因此，海参、海蜇，海藻这些嘌呤含量低的海产品，痛风患者完全可以吃。另外，痛风疾病。的不同时期海产品的摄人要求也不同，比如痛风急性期及血尿酸未控制的患者，嘌呤含量高的海产品绝对禁食，但痛风间歇期及血尿酸已经控制达标的患者，可以有选择地食用嘌呤含量中等至低等的海产品,比如三文鱼、秋刀鱼等。因此，痛风患者并不是不能进食海鲜，关键要掌握进食海鲜的量及时机。《实用痛风病学 437》
什么情况下适合生活干预？	无症状高尿酸血症。第一次痛风，第一次痛风发作,各国指南都没有建议开始降尿酸治疗,可以先生活干预 1-3 个月看看能不能降下来。
生活干预的成功率有多少？	无症状第一次体检刚发现 40%能降下来 420 以下，只是痛过一次，大约 10%能生活干预降 420 以下。笔者结识大量风友观察来看，这只是我个人视角。
生活干预有哪些？	控制体重，规律作息，多喝水，减少高嘌呤，高果糖，酒精的摄入等。本篇嘌呤表是痛风快好 app 整理，值得一提不同时期对饮食要求不同，假如容易发作可以参考。也可以下载痛风快好 APP 查嘌呤。感谢大家阅读，我是房寻仙，痛风快好的一位风友，以下资料会持续更新，所有内容，经过风友实践和大量文献资料总结而来，供参考。科普不代表治病，不代替治疗，仅供学习参考，身体不适请到三甲医院面诊，请遵三甲医院医嘱！感谢为痛风治疗指南付出的所有医务人员~以及科普人！感谢痛风快好 APP 交流群内大量的风友！本篇是《痛风大全》4，饮食篇以下文章持续更新……感谢关注，也感谢传播科普！《痛风大全》1，体检篇《痛风大全》2，发作与溶晶痛篇《痛风大全》3，防治篇《痛风大全》4，饮食篇《痛风大全》5，碱化尿液与肾结石篇《痛风大全》6，降酸药篇《痛风大全》7，脂肪肝篇《痛风大全》8，中医中药篇《痛风大全》9，报告解读篇参考文献：《实用痛风病学》为方便查阅，《痛风大全》完整版发布于痛风快好 app、痛风快好微信小程序（痛风专栏）声明：著作权归作者所有。商业转载请联系作者获得授权，非商业转载请注明出处。感谢阅读，我是房寻仙。
为什么要碱化尿液？	碱化尿液可延缓 eGFR 的降低，延缓肾脏损伤酸性尿与肾结石、肾囊肿、蛋白尿、血尿及 eGFR 下降密切关联（eGFR 是估算的肾小球滤过率，用来反映肾脏的功能，肾小球滤过率低于 90 是肾小球滤过率已经减低，属于肾功能受损。）高尿酸血症，尿液 PH 应保持 6.1-6.9ph5.0 一升尿液排出 80 毫克尿液中的尿酸ph6.0 一升尿液排出 240 毫克尿液中的尿酸ph7.0 一升尿液排出 1540 毫克尿液中的尿酸高尿酸血症长期小于 PH6.0 易形成尿酸性肾结石高于 7.0 易形成草酸钙结石和磷酸钙结石碱化尿液只是利于尿液尿酸从肾脏排出，预防，溶解泌尿尿酸结石，但和血液尿酸没关系，这也是为什么碳酸氢钠、友来特不降尿酸的原因！下图可拉伸放大二、什么情况下需要碱化尿液? （注意，不是所有人）根据《2021 痛风基层合理用药指南》慢性肾功能不全合并高尿酸血症与痛风患者服用苯溴马隆尿酸性肾结石患者，必要时可碱化尿液服用非布司他，别嘌醇无尿酸性肾结石/痛风石，PH5.0 以上不用碱化尿液，详细解析查阅《降酸药篇》
碱化尿液的方法有哪些？	1，碳酸氢钠血液中，碳酸氢根离子（HCO3－）正常值为 24mmol/L。口服碳酸氢钠后，首先，碳酸氢钠中和胃酸；然后，未参与中和胃酸反应的碳酸氢钠进入血液中；最后，若血液中不缺少碳酸氢根离子（HCO3－），碳酸氢根离子就会被排泄到尿液中，产生碱化尿液的作用。用法用量：（请遵医嘱）口服，每次 0.5~1.0g（1~2 片），每日 3 次。饭前一小时或者饭后一小时。碳酸氢钠的三大不良反应①胃肠道不良反应碳酸氢钠中和胃酸，产生二氧化碳，可引起胀气、胃肠道不适等。若在食用过量的酸性食物后口服碳酸氢钠，产生大量的二氧化碳，可引起胃破裂。②高血压口服碳酸氢钠（NaHCO3）：每次 0.5g，每日 3 次，相当于每日口服0.41g 的钠。长期服用碳酸氢钠，可致水钠潴留，不仅可引起血压波动，加重高血压病情，而且可诱发心力衰竭，甚至代谢性碱中毒。③低钾血症若长期过量服用碳酸氢钠，血液中 H＋减少，H＋从细胞内移出至细胞外，K＋从细胞外进入细胞内，血钾浓度降低。温馨提示：与大量的牛奶、钙剂合用，可能会出现乳碱综合征（高钙血症，碱中毒等）。2，枸橼酸制剂枸橼酸氢钾钠有德国品牌友来特，国产仿制药逍适柠，金石淋，易能清等。友来特要比小苏打要贵，大约一个月费用 100 元左右，口服枸橼酸氢钾钠颗粒增加尿液 PH 值和枸橼酸根的排泄，减少尿液的钙离子浓度。这种由枸橼酸氢钾钠颗粒诱发的变化使尿液中形成结石的盐易形成结晶，所致的钙离子浓度的减少能降低尿液中能形成结石的钙盐饱和度，PH 值的升高能增加尿酸和胱氨酸结石的可溶性。用法用量：根据尿 pH 调整剂量，维持尿全天 pH 在 6.2 到 6.9 之间 ，如晨尿pH 低睡觉前喝一小勺。和碳酸氢钠比枸橼酸制剂副作用要小一些，和非甾体抗炎镇痛药（依托考西，双氯芬酸钠等）一起服用，有高钾血症风险，注意不一起服用。如痛风发作需要吃非甾体抗炎镇痛要暂时停一停枸橼酸制剂，在第一次使用枸橼酸氢钾钠之前，需要检查肾功能和电解质，定期体检加电解质检查。3、天然碱性水天然碱性水不含添加剂，可帮助碱化尿液，是适合痛风患者长期饮用的上好饮用水，价格比较贵！官方也做了很多循证，但是企业太大，太高调，食品宣传降尿酸、宣传功效被新闻曝光！可惜了！反过来说，新闻也让天外天天然碱性水火了一把，据说现在销量更好了！4.风零+酸樱桃柠檬酸合剂酸樱桃柠檬酸合剂特点是口感好，预防痛风发作、抗氧化、溶晶及保护肾脏等，不和药物有相互作用，作为功效型食品却以药品的标准进行临床研究，价格比较贵，每天 15 元左右。4. 用食物碱化尿液柠檬、山楂、陈皮，黑枸杞等食物碱化尿液强度比药物弱很多，需要掌握用量。柠檬虽然是酸的，但枸橼酸进入人体经克氏循环后，能使尿液呈碱性。最好使用吸管来饮用柠檬水或山楂水保护牙齿，柠檬最好选新鲜青柠，柠檬干选择无添加蜂蜜柠檬干，柠檬汁中的酸性对于胃有一定的刺激作用，所以肠胃不好的，不建议使用，黑枸杞用 70-80 左右水温泡之。由于尿液 PH比较恒定，碱化效果只有几个小时左右，需要买精密测试纸配合。喝之前测测，喝了之后 1-2-3 小时测测，测试纸笔者找了很多，这款准确，买 4.5-9.0 规格，找图片这款就行，痛风快好商城里面就有！大家根据自己经济情况选择适合自己的碱化尿液方法，也可以如有肾结石/痛风石溶解后选择非布司他/别嘌醇方便不需要碱化尿液，或者服用苯溴马隆复查泌尿彩超没有形成肾结石一直使用皆可。四、碱化尿液与尿酸性肾结石的常见问答
听闻碳酸氢钠可以降尿酸？❎	不可以，这是常见误区，碳酸氢钠碱化尿液只是让尿液中尿酸更好排出。高尿酸血症 90%是肾小管对尿酸重回收亢进导致，要是能降血液尿酸大家都不用吃药了。只有个别可以稍微降点，这是体质原因和有些风友多喝水就能降尿酸同理。
碳酸氢钠说明书写不能超过 7 天，为什么医生开一个月？	不超过 7 天只是用于缓解胃酸过多引起的胃痛、胃灼热感（烧心）、反酸。用于碱化尿液可以，推荐吃六天停一天怕胃受不了，长期吃不推荐超过几个月，原因上述有三大不良反应。可以几个月和枸橼酸氢钾钠轮换，有些风友用几个月枸橼酸氢钾钠会提升不吃药 0.5 酸碱度。
X 线检查能查到尿酸性肾结石吗？	如果是尿酸盐结石，一般情况下不显影或显影较淡，如果是草酸钙结石、磷酸钙结石、磷酸铵镁结石一般情况下显影较清楚，对于不显影的结石可以通过彩超或者增强 CT 检查确定。4，有小的肾结石，结晶可以用苯溴马隆降尿酸吗？（请遵医嘱）小的可以，如 4mm 以下，最好搭配枸橼酸氢钾钠溶解它，一般都能溶解，要是 1-2 个月复查泌尿彩超发现增大了则暂时不选择苯溴马隆换其他降酸药。
尿酸性肾结石怎么治疗？	治疗首选口服枸橼酸氢钾钠，费用性价比高。小的 4mm 以下或者肾结晶，不用枸橼酸氢钾钠只是碱化尿液、降尿酸也可以溶解只是稍微慢点，4mm 以上推荐枸橼酸氢钾钠溶解。如果突然感觉腰腹痛，说明结石可能嵌顿输尿管里了，那时需要酌情运用体外冲击波碎石术或经皮肾镜取石术等，溶解后长期控制尿酸。以下是风友用枸橼酸氢钾钠溶解肾结石例子之一感谢大家阅读，我是房寻仙，痛风快好的一位风友，以下资料会持续更新，所有内容，经过风友实践和大量文献资料总结而来，供参考。科普不代表治病，不能代替医生治疗，仅供参考与交流！身体不适请到三甲医院面诊，请遵三甲医院医嘱！感谢痛风快好 APP 提供那么好的科普平台！感谢为痛风治疗指南付出的所有医务人员~以及科普人！感谢痛风快好 APP 交流群内大量的风友！本篇是《痛风大全》5，碱化尿液与肾结石篇以下文章持续更新......感谢关注，也感谢传播科普！《痛风大全》1，体检篇-已更新《痛风大全》2，发作与溶晶痛篇-已更新《痛风大全》3，防治篇《痛风大全》4，生活干预与饮食起居篇《痛风大全》6，降酸药篇-已更新《痛风大全》7，脂肪肝篇《痛风大全》8，中医中药篇《痛风大全》9，报告解读篇参考文献：《2019 中国高尿酸血症与痛风诊疗指南》《2021 痛风基层合理用药指南》《医学界医生站-药评中心》为方便查阅，《痛风大全》完整版发布于痛风快好 app、痛风快好微信小程序（痛风专栏）声明：著作权归作者所有。商业转载请联系作者获得授权，非商业转载请注明出处。感谢阅读，我是房寻仙。
如何避免 AHS 的发生？	1) 用药前筛查 HLA-B*5801 基因2) 从小剂量开始给药3) 避免联合应用利尿剂4) 对于肾功能不全的患者慎重用药5) 密切关注用药后的反应
哪些人群适用别醇？	肾功能正常且 HLA-B*5801 阴性的个体，应用别嘌醇相对安全。对于 HLA-B*5801 阳性的个体，如果肾功能正常，发生 AHS的风险高于阴性个体，但仍可尝试从小剂量起始治疗，如果肾功能不全，应尽可能避免应用别嘌醇。目前一些医疗机构无法进行 HLA-B*5801 检测，针对这种情况，也可应用别嘌醇，但剂量应该从更低水平开始，每日 50 mg 甚至隔日 50 mg，四周后如无不良反应发生，可根据尿酸下降情况调整用量。别嘌醇是 2021 基层痛风指南唯一一线用药，它的好处是几十年经典老药，毒副作用熟知，做好避免皮疹还是非常不错的，别嘌醇1966 年用于临床，研制人员 1988 年因对痛风诊疗贡献获得生理学诺贝尔奖。二、非布司他1. 抑制尿酸合成的一种新药，与别嘌醇相比，该药的优势主要体现在三个方面：1) 降尿酸作用比别嘌醇更加强大；2) 安全性比别嘌醇更高，甚少发生过敏反应；3) 肝肾双通道排泄，故轻、中度肾功能不全及肾结石患者也可使用，但重度肾功能不全（SCr≤30ml/min）需慎用；
非布司他副作用和不良反应有哪些？	1) 非布司他说明书写了近百种不良反应，但是在广泛情况下进行，不一定和非布司他相关。但笔者观察大约两万风友只有以下不良反应比较常见，这些这些风友全部男性 17-45 岁，而且是国产三大非布司他（授权药非布司他有一些不一样），有些风友可以换授权药改善，有些不行，大部分吃几天就有反应了，如果你吃了几个月没有，很有可能一直没有的了。如果你还没吃非布司他也不要害怕，不一定在你身上出现，即使出现也有办法。2) 6-10%肝功能异常（转氨酶升高，转氨酶和以太酶不超三倍不需要停药，80-100 可配护肝片，或者换药）3) 1%血糖，5%升高甘油三酯，个别升高低密度脂蛋白胆固醇，可能和胰岛素抵抗学说有关，不是非布司他原因。4) 3%左右掉头发。5) 个别增强性欲，10%左右性欲减退，具体原因未知，可能和原来高尿酸影响性激素，降尿酸之后改变。6) 1%胸闷心悸，心跳加速。7) 偶尔一个两个耳鸣，阳痿（换药恢复），视力模糊，其他的不良反应本人收到的反馈很少很少，这些非布司他说明书都有写。所以定期体检很重要，只要指标没问题，没不良反应就行，其他的心血管风险笔者是很少看到。吃坏人的更是没有，上面只是笔者个人阅历，暂时没有大型临床数据出来。在服用非布司他的病人中，转氨酶及转肽酶升高者约占 5%～10%，但发生真正药物性肝损害者极少，多数患者转氨酶增高是其他病因引起的，例如脂肪肝、酒精肝或者乙肝等等。转氨酶不超过正常范围最高值 3 倍的患者一般不考虑停药，绝大部分患者服用护肝片加食疗方子后，转氨酶都可以回落到正常水平。常用的护肝片有，葵花护肝片、易善复、复方益肝灵片、水飞蓟素，葡醛内酯片和双环醇片等等。
服用非布司他需要长期忌口吗？	痛风患者对饮食很容易刻舟求剑，比如现在身体结晶太多吃海鲜导致发作就“发誓一辈子不吃海鲜了”，这个看自身情况，有吃降酸药尿酸会很稳定，前期很容易发作是要忌口的，随着稳定和结晶不断排出饮食可以逐渐放宽。过度忌口会营养不良，营养不均衡，部分风友长期吃素还会身体虚弱。
服用非布司他肌酐升高了怎么办？	这个是非常常见的，可能服用是黄嘌呤增多导致的，还有降尿酸初期大量结晶通过肾脏排出（《实用痛风病学 123 页》），有些前期会胱抑素 c 轻度超标，这个不碍事，有个别还会从原来肌酐 80 升高到100，但只是“一过性”升高，过段时间肌酐会回落，降尿酸初期碱化尿液有利于结晶从肾脏排出。5. 不同品牌非布司他有什么区别，分别价格是多少。原研药帝人优于授权药菲布力/福避痛，授权药优于国产仿制药。帝人是原研药，但不推荐网购，因为日本帝人需要亲自去医院抽血才能开药，因为不通过抽血检查开药医生会被吊销医师资格证，日本对处方药管理非常严格，且大量过海关非法，发现走私会负刑事责任。而且不能验真伪。你去阿里巴巴也能找到非布司他材料，材料很便宜，假如有人去找印刷厂成本非常低。真要吃好可以选择菲布力或者福避痛，微商宣传帝人是可以治愈痛风是骗人的，停了也反弹。原研药第一个晶型不同，规则有序，仿制药可能为杂乱无章的固体。规则晶体溶解很快，吸收更容易。第二个是杂质不同，杂质犹如燕窝的鸟毛，要想鸟毛少，挑拣成本高，仿制药控制成本杂质不会少。第三是纯度不同，进口厂家好坏分的开。非布司他，除了日本原研生产的菲布力外，其他都是授权（因为不知道原研药的生产工艺等技术细节，只能逆向测绘然后进行仿制。）所以这些非原研药通常很难实现等剂量下的等效果，因此我们国家才搞了一个仿制药的效果一致性认定。哪个好具体还要把价格，药品安全，具体病情等等情况统一考虑进去，择优录取，适合自己才是最好，笔者认为吃国产仿制药就可以了，原因是效果好不好一个月体检就知道了。真有钱想吃好可以选择菲布力，福避痛。一粒 40mg 大概 10 元（再次强调需要日本医院开出来），菲布力一粒 40mg 大概 8 元左右，福避痛一粒 80mg 大概 6 元左右，三大国产降酸药风定宁 2.5 元，瑞扬优立通 1 元一粒 40mg，印度太阳非布司他 1 元一粒 40mg。
三大国产哪种最好？他们有什么特点？	都差不多，只是偶尔会有些吃优立通吃了尿酸一点没有降，换风定宁或者瑞扬就可以，只是个别，有个别三大非布司他都完全没有降可以换授权药菲布力/福避痛试试。一粒非布司他 40mg 降 200-250微摩尔每升尿酸就正常，分开早晚 250-300 微摩尔每升。6. 我去找了三个医生，分别开了非布司他、别嘌醇、苯溴马隆，吃哪
种好？哪种副作用最小？	首先确定自己能不能用这三种，假如是排泄障碍，那三种都可以选择。假如生成过多类型或者有大的肾结石只能选择非布司他或者别嘌醇。作为一款长期甚至终身服用的降酸药，非常理解每一位风友想找一款副作用最小的降酸药，但适合自己才是最好。别嘌醇的好处是几十年了副毒已经被熟知，还是 2021 中国痛风基层用药指南一线用药。非布司他好处是方便，不像别嘌醇可能会患史蒂芬强森皮疹，肾功能不全不用调整剂量，苯溴马隆要是吃到复查没肾结石也不错的。哪个好要试过才知道。只要有定期体检三个都不错。假如医生给你开的别嘌醇，苯溴马隆，吃的好好的体检没问题，有人跟你说它“别嘌醇苯溴马隆副作用大，已经淘汰”不要理他。
非布司他和苯溴马隆可以一起吃吗？	可以的，你可以去知网找有不少联合用药的论文，两种小剂量或者常规剂量用药都可以，而且还有别嘌醇苯溴马隆复方制剂，可以非布司他或者别嘌醇＋苯溴马隆，不非布司他联合别嘌醇。
别嘌醇和非布司他需要碱化尿液吗？	使用非布司他，别嘌醇这样的抑制尿酸生成的药物，不需要碱化尿液，2019 中国指南推荐服用非布司他碱化尿液 3 个月左右，除非有肾结石，痛风石（利于排出），则服用苯溴马隆。 原因如下：1) 非布司他是从源头减少尿酸，你现在是 360 以下尿酸的人了，不是高尿酸的人，而且黄嘌呤溶解度不受尿液 ph 影响，这也是为什么非布司他说明书无碱化尿液要求。2) 碱化尿液目的只是预防肾结石，如果你不吃碳酸氢钠了担心肾结石就半年或者一年做一次泌尿彩超看看有没肾结石就行，有肾结石就用友来特溶解了即可。非布司他/别嘌醇抑制了黄嘌呤的氧化，抑制后的异黄嘌呤易溶于水，多喝水就行，部分会在肾脏随着尿液排泄出去。总之服用非布司/别嘌醇他几个月后，没有肾结石，痛风石，不碱化尿液尿酸也达标，不需要服用碳酸氢钠（碳酸氢钠副作用大收益不如不吃）来碱化尿液，要求没那么高，只是碱化尿液有益处，有 1%风友吃非布司他也会结晶/结石，所以有个体差异。
非布司他分开早晚可以额外降尿酸吗？	是的，分开吃，也就是例如;40mg 切开成早晚各 20mg。能额外降尿酸。已经有大量风友风友验证可以额外降 15%尿酸，笔者单次 10mg只能降到 400 尿酸，分开早晚 5+5mg 可以控制 300。晚上那次建议晚饭后，不推荐长期晚上睡觉前服用，可能不利于抑制后的黄嘌呤排出。如果分开早晚服用没额外降尿酸和非布司他品牌有关系，如笔者用菲布力分开早晚不额外降，其他都可以。笔者咨询医生和药学专家分开早晚可行，但这属于经验，还没临床试验循证医学证据。另外苯溴马隆不可以分开早晚。
吃了非布司他胸闷，肋骨或者心脏附近刺痛感，是什么原因？	这个非常常见的，可能是心脏附近溶晶导致，比较典型就是瞬间刺痛，过段时间就不会了。但胸闷不是溶晶导致唯一原因，如果有别的不舒服或者绞痛等要去检查。11. 非布司他包装写着“不推荐无症状高尿酸治疗”，为啥医生
还是开给我这无症状高尿酸血症患者？	这是因为非布司他在无症状高尿酸血症应用证据太少（2019 中国痛风指南最后处），非布司他临床试验时，没有做无症状高尿酸临床试验，2019 中国痛风指南无症状高尿酸推荐是服用别嘌醇或者苯溴马隆，可能是非布司他在无症状高尿酸应用更加容易“溶晶痛”，但降尿酸只有那三种，没那么多选择，非布司他也可以。
我有脂肪肝，可以吃非布司他吗？	这个看血清肝功能报告，谷丙转氨酶，谷草转氨酶，不超过三倍。总胆红素不超过两倍可以，另外脂肪肝 95%痛风患者都有，脂肪肝必须逆转。三、苯溴马隆适用于原发性和继发性高尿酸血症，尤其是尿酸排泄障碍所致的高尿酸血症患者。其代表药物是苯溴马隆（立加利仙），由于该药半衰期较长，故每天只需服 1 次，早餐后服用。使用时也须从小剂量（25mg/天）开始。 注意：1) 该药的主要不良反应是增加肾脏尿酸盐结石形成风险，偶有胃肠道反应、皮疹等，罕见（1/10000）肝功能损害。有肾结石或者有严重肾功能损害者（肾小球滤过率低于 20ml/min）禁用。2) 用药期间患者一定要大量饮水（每天 2000ml 以上）以增加尿量，同时保持全天尿液 ph6.2-6.8，以防止尿酸盐在肾脏沉积形成尿路结石。苯溴马隆原创研发是法国的 Labaz 公司，现属赛诺菲-安万特公司。日本鸟居制药引入技术后进行开发，目前苯溴马隆的德国立加利仙，国产尤诺/华神/尔同舒等仿制药是参照仿制药鸟居药品株式会社标准来生产。苯溴马隆有肾结石要绝对禁忌，尿酸生成过多类型相对禁忌，尿酸 700 以上比较可能是生成过多类型，做 24 小时尿尿酸可以确定。苯溴马隆主要肝代谢，只有 6%经肾，它发生肝功能异常概率要比非布司他小很多，这也是为什么服用非布司他转氨酶超过三倍换苯溴马隆就没问题的原因，但苯溴马隆发生肝损会大部分在转氨酶200 以上，所以服用苯溴马隆需要定期体检肝功，和刚开始服用两个月左右做泌尿彩超看看，因为比较容易尿酸性肾结石，苯溴马隆不良反应常见的就是肝功能异常，一过性阳痿/性欲减退，停药可以恢复。苯溴马隆在夏天多出汗降尿酸可能会下降，它降尿酸和排尿直接相关。苯溴马隆 1970 年用于临床。——笔者提醒，服用苯溴马隆两个月左右复查泌尿彩超看看会不会导致尿酸性肾结石，笔者结识风友大约大几十人其中 50%导致尿酸性肾结石，有些已经多喝水，保持 ph6.2-6.8，但不是人人都会，人人都会早退市了，苯溴马隆现在还是中国台湾一线用药，所以服用苯溴马隆注意多喝水和碱化尿液，做出来泌尿彩超没问题就稳了，然后复查泌尿彩超间隔时间可以延长。四、三大降酸药答疑
别嘌醇/非布司他/苯溴马隆应空腹服用还是餐后服？	饭前、饭中、饭后都可以，只是饭后可以减少一些风友肠胃不良反应。有高尿酸痛风的风友询问降尿酸药物应在何时服用，查阅了国家药品监督管理局最近批准的三种通过一致性评价的仿制药数据，并整理如下。尽管别嘌醇/非布司他饭前生物利用度比较好，实际上一直吃着的影响不大。至于苯溴马隆只有台湾版说明书有写饭中，饭后服用皆可，其他说明书没有要求。
为什么医生没有给我做分型就给我开非布司他？	降酸药只有三种，选择的话只有苯溴马隆不适合生成过多类型（尿酸超过 700 以上可能是，做 24 小时尿尿酸确定）有大的肾结石禁忌苯溴马隆。别嘌醇和非布司他不管什么类型都可以用，尿酸每天生成 750mmol/L，排泄 750mmol/L（肾脏排泄 2/1，肠道 1/3），尿酸池 1200mmol/L，尿酸从源头减少了，尿酸自然就降了。临床上85%是排泄障碍，10%是生成过多类型，5%混合型。
降酸药啥时候可以减量呢？	我们先看痛风患者应该保持靶标值是 360 以下，痛风石 300 以下一粒非布司他 40mg 降 200-250 微摩尔每升尿酸。吃药预留 30 左右保证 360 以下最好保持 330 以下，痛风石更低。这样推算即是保持 240 稳定才可以尝试减量，尝试减量也要检测尿酸。大部分如此但也有个体差异。需要注意的是减量会尿酸波动可能会引发痛风发作，特别是刚开始降尿酸不久的，这种情况保持稳定一两个月再减量比较好，或者搭配一粒秋水仙碱预防溶晶痛。想减量有哪些办法呢？①把非布司他分开早晚服用能额外降尿酸这时候可能可以减量②尿酸等于血液尿酸和结晶总和，随着不断的溶出尿酸盐结晶/石自然尿酸低了可以减量。个人结识的风友所有依从性高坚持尿酸达标最后都可以减量。具体多久可以减量不好说因人而异。
降酸药应该做哪些体检？	这个可以看笔者另一篇《痛风大全之体检篇》
降酸药会有耐药性和依赖性吗？听说吃上了停不了了？	都没有，会产生耐药性的是抗生素，停药反弹是痛风不能根治，只能控制，人家降酸药不背这锅，同样剂量的降酸药尿酸越来越高了这是尿酸波动，这是非常常见的，随着尿酸加减就行。从药物本身作用机理来看，成瘾性药物的判断标准包括以下两条：（1） 在服用后必须逐步增加剂量才能维持疗效的药物；（2） 在停药后会出现戒断症状，三大降酸药不符合，故三大降酸药不属于成瘾性药物。世界上所有成瘾性药物均被列入《成瘾性药物手册》，而三大降酸药未被收载；有成瘾性药物在临床上不能作为治疗用药，有成瘾性药物的药物临床必须限制使用，而三大降酸药无此项限制。
什么情况下不能吃降酸药？	三大降酸药都是肝代谢，谷丙转氨酶或谷草转氨酶超过三倍，总胆红素超过两倍暂时不吃，属于中度肝损，三大降酸药禁忌，先保肝等转氨酶不超过三倍，胆红素不超过两倍再吃，并酌情看是否搭配护肝药。
吃药“伤”肝，我可以先吃护肝药不？	如果肝功能正常，不需要的，反而加重肝脏负担。《2019 中国药物肝损指南》反对预防性用药。
吃降酸药可以备孕吗？	这方面数据太少，笔者认为非布司他和苯溴马隆男性备孕不用停药，且认识不少风友男性备孕没有停药，没问题，你可以找（谢榆医生非布司他备孕不用停药的科普），李长贵在《终结痛风》书中说需要提前三个月停药，笔者支持谢榆医生说法男性备孕三大降酸药不用停药。因有关数据太少，具体还是请遵医嘱！
秋水仙碱，非甾体抗炎药备孕可以服用吗？	具体看《2020 年 ACR 风湿及肌肉骨骼疾病患者妊娠期用药推荐》
降酸药需要终身服药吗？停药的概率有多少？	《2019 中国痛风指南》写了，大部分需要终身服用降尿酸药物维持，笔者结识两万风友事实也如此。停药概率我自己观察概率如下：无症状第一次体检刚发现 40%能降下来 420 以下只是痛过一次，大约 10%能生活干预降 420 以下痛过两次以上，生活干预降不下来，有 1.5%概率停药尿酸 380以下，他们都很自律，规律运动，有些他本身代谢也比较好，能不能停药也看运气。10. 我看到知乎博主凯喜博士做的实验非布司他，托匹司他降尿
酸之后小鼠黄嘌呤倍增，且损伤肾脏，是不是非布司他伤肾了？	嘌呤在人体内具有重要的生理功能：1、嘌呤最重要的生理功能，是构成嘌呤核苷酸，它和嘧啶核苷酸共同组成核酸分子的基本结构单位，是人体内重要的遗传物质；2、嘌呤是重要的能源物质，它是形成几种人体能量物质的主要单位，为细胞的各种生理活动提供能量；3、嘌呤是重要的信使分子，它们在调控细胞的信号转导中起关键作用；4、嘌呤还参与组成了某些辅酶，这些辅酶在人体的糖、脂肪、和蛋白质等重要物质代谢中起关键作用。而且非布司他上市之前就做了十六年临床试验，而且上市之后人类没有肾脏损害的文献报道和药监局收到案例，非布司他不伤肾，高尿酸才伤肾。嘌呤易溶于水，部分抑制后黄嘌呤会随着尿液排出。
兼降尿酸的药物有哪些？	非诺贝特，降甘油三酯同时降 15%左右尿酸，笔者观察兼降尿酸效果挺好。氯沙坦钾，高尿酸血症合并高血压首选降压药，能兼降尿酸 10-15%，笔者观察兼降尿酸效果一般。达格列净，2 型糖尿病降糖药，能兼降尿酸 10-15%，且效果挺好。阿托伐他汀，降低低密度脂蛋白胆固醇，能兼降尿酸 10-15%，这个笔者观察效果一般般，有些没降。感谢大家阅读，我是房寻仙，痛风快好的一位风友，以下资料会持续更新，所有内容，经过风友实践和大量文献资料总结而来，供参考。科普不代表治病，不代替治疗，仅供学习参考，如有身体不适请到三甲医院面诊！遵医嘱。感谢痛风快好 APP 提供那么好的科普平台！感谢为痛风治疗指南付出的所有医务人员~以及科普人！感谢痛风快好 APP 交流群内大量的风友！本篇是《痛风大全》6，降酸药篇以下文章持续更新……感谢关注，也感谢传播科普！《痛风大全》1，体检篇 -已更新《痛风大全》2，发作与溶晶痛篇-已更新《痛风大全》3，防治篇《痛风大全》4，生活干预与饮食起居篇《痛风大全》5，碱化尿液与肾结石篇-已更新《痛风大全》7，脂肪肝篇《痛风大全》8，中医中药篇《痛风大全》9，报告解读篇参考文献：《2019 中国高尿酸血症与痛风诊疗指南》《2021 痛风基层合理用药指南》《实用痛风病学》为方便查阅，《痛风大全》完整版发布于痛风快好 app、痛风快好微信小程序（痛风专栏）声明：著作权归作者所有。商业转载请联系作者获得授权，非商业转载请注明出处。感谢阅读，我是房寻仙。
